{
    "exe_script": "exe_wwr_constr",
    "parameters": {
        "wall_thermal_resistance": {
            "range": [
                0.5,
                3
            ]
        },
        "roof_thermal_resistance": {
            "range": [
                3,
                6
            ]
        },
        "floor_thermal_resistance": {
            "range": [
                3,
                6
            ]
        },
        "glazing_uvalue": {
            "range": [
                0.5,
                3
            ]
        },
        "north_wwr": {
            "range": [
                0.1,
                0.4
            ]
        },
        "south_wwr": {
            "range": [
                0.1,
                0.4
            ]
        },
        "east_wwr": {
            "range": [
                0.1,
                0.4
            ]
        },
        "west_wwr": {
            "range": [
                0.1,
                0.4
            ]
        }
    },
    "parameter_normalized_values": [
        [
            0.34272241728756647,
            0.16587698234913867,
            0.0578578804765872,
            0.8525271571014192,
            0.9856399848204541,
            0.22878335955382792,
            0.9657939070454464,
            0.25565919045393803
        ],
        [
            0.6177264706610748,
            0.47164312585035983,
            0.42346978839525773,
            0.3114613304599163,
            0.12003094347928545,
            0.04307731361026117,
            0.40238506232501814,
            0.02588805781121346
        ],
        [
            0.5557497794976287,
            0.2856341078246899,
            0.22828369903220952,
            0.6959613357804688,
            0.23761255946391038,
            0.5040142563921819,
            0.3820360616954257,
            0.9884149666606235
        ],
        [
            0.0420128329357643,
            0.8125867444193897,
            0.7628847377489292,
            0.1301391387512601,
            0.5485124649365591,
            0.6802320740128649,
            0.675313709954855,
            0.5693343512907287
        ],
        [
            0.8944915723030691,
            0.7167489405024189,
            0.9012298543060012,
            0.5200554974186359,
            0.6298231333632517,
            0.9350105247656442,
            0.058710182423941104,
            0.6548853474954288
        ]
    ],
    "parameter_values": [
        [
            1.36,
            3.5,
            3.17,
            2.63,
            0.4,
            0.17,
            0.39,
            0.18
        ],
        [
            2.04,
            4.41,
            4.27,
            1.28,
            0.14,
            0.11,
            0.22,
            0.11
        ],
        [
            1.89,
            3.86,
            3.68,
            2.24,
            0.17,
            0.25,
            0.21,
            0.4
        ],
        [
            0.61,
            5.44,
            5.29,
            0.83,
            0.26,
            0.3,
            0.3,
            0.27
        ],
        [
            2.74,
            5.15,
            5.7,
            1.8,
            0.29,
            0.38,
            0.12,
            0.3
        ]
    ]
}